[{"version":"1.4","UID":"5a7bb3cc6e5e9f8e3d412172","title":"伍佰\u0026China Blue透南風演唱會","category":"17","showInfo":[{"time":"2018/03/24 19:30:00","location":"台中市南屯區文心路一段289號","locationName":"臺中市圓滿戶外劇場","onSales":"Y","price":"1500、1800、2200、2500、2800、3200、3800","latitude":"24.146532","longitude":"120.646359","endTime":"2018/03/24 21:00:00"},{"time":"2018/06/30 19:30:00","location":"台北市松山區南京東路四段2號","locationName":"臺北小巨蛋","onSales":"Y","price":"800、1500、1800、2200、2500、2800、3200、3800","latitude":"25.050793","longitude":"121.549889","endTime":"2018/06/30 21:00:00"}],"showUnit":"","discountInfo":"","descriptionFilterHtml":"","imageUrl":"","masterUnit":[],"subUnit":[],"supportUnit":[],"otherUnit":[],"webSales":"https://kham.com.tw/application/UTK02/UTK0201_.aspx?PRODUCT_ID\u003dM037E76I","sourceWebPromote":"https://kham.com.tw/application/UTK02/UTK0201_.aspx?PRODUCT_ID\u003dN004F3RM","comment":"","editModifyDate":"2018/02/08 10:43:31","sourceWebName":"寬宏藝術","startDate":"2018/03/24","endDate":"2018/06/30","status":"success","total":"9","hitRate":0},{"version":"1.4","UID":"5a951fdaaaa37cbdf05db118","title":"2018 Voice Up Concert 讚聲演唱會","category":"17","showInfo":[{"time":"2018/05/04 19:30:00","location":"台北市中正區八德路一段1號","locationName":"Taipei Legacy傳記-華山1914創意文化園區 中5A館  2018 Voice Up Concert 讚聲演唱會-Heize","onSales":"Y","price":"2500","latitude":"25.044149","longitude":"121.529440","endTime":"2018/05/04 21:00:00"},{"time":"2018/05/05 19:30:00","location":"台北市中正區八德路一段1號","locationName":"Taipei Legacy傳記-華山1914創意文化園區 中5A館  2018 Voice Up Concert 讚聲演唱會-蕭煌奇","onSales":"Y","price":"1800","latitude":"25.044149","longitude":"121.529440","endTime":"2018/05/05 21:00:00"},{"time":"2018/05/06 14:30:00","location":"台北市中正區八德路一段1號","locationName":"Taipei Legacy傳記-華山1914創意文化園區 中5A館  2018 Voice Up Concert 讚聲演唱會-PETROLZ","onSales":"Y","price":"1500","latitude":"25.044149","longitude":"121.529440","endTime":"2018/05/06 16:00:00"},{"time":"2018/05/11 19:30:00","location":"台北市中正區八德路一段1號","locationName":"Taipei Legacy傳記-華山1914創意文化園區 中5A館  2018 Voice Up Concert 讚聲演唱會-四葉草","onSales":"Y","price":"1200","latitude":"25.044149","longitude":"121.529440","endTime":"2018/05/11 21:00:00"},{"time":"2018/05/12 14:30:00","location":"台北市中正區八德路一段1號","locationName":"Taipei Legacy傳記-華山1914創意文化園區 中5A館  2018 Voice Up Concert 讚聲演唱會-柯泯薰","onSales":"Y","price":"800","latitude":"25.044149","longitude":"121.529440","endTime":"2018/05/12 16:00:00"},{"time":"2018/05/12 19:30:00","location":"台北市中正區八德路一段1號","locationName":"Taipei Legacy傳記-華山1914創意文化園區 中5A館  2018 Voice Up Concert 讚聲演唱會-李宣榕","onSales":"Y","price":"800","latitude":"25.044149","longitude":"121.529440","endTime":"2018/05/12 21:00:00"},{"time":"2018/05/13 14:30:00","location":"台北市中正區八德路一段1號","locationName":"Taipei Legacy傳記-華山1914創意文化園區 中5A館  2018 Voice Up Concert 讚聲演唱會-脆樂團","onSales":"Y","price":"800","latitude":"25.044149","longitude":"121.529440","endTime":"2018/05/13 16:00:00"},{"time":"2018/05/18 19:30:00","location":"台北市中正區八德路一段1號","locationName":"Taipei Legacy傳記-華山1914創意文化園區 中5A館  2018 Voice Up Concert 讚聲演唱會-李佳薇","onSales":"Y","price":"1200","latitude":"25.044149","longitude":"121.529440","endTime":"2018/05/18 21:00:00"},{"time":"2018/05/19 19:30:00","location":"台北市中正區八德路一段1號","locationName":"Taipei Legacy傳記-華山1914創意文化園區 中5A館  2018 Voice Up Concert 讚聲演唱會-魏如萱","onSales":"Y","price":"1800","latitude":"25.044149","longitude":"121.529440","endTime":"2018/05/19 21:00:00"}],"showUnit":"","discountInfo":"","descriptionFilterHtml":"","imageUrl":"","masterUnit":["寬宏藝術"],"subUnit":[""],"supportUnit":[""],"otherUnit":[""],"webSales":"https://kham.com.tw/application/UTK02/UTK0201_.aspx?PRODUCT_ID\u003dN0065HPX","sourceWebPromote":"https://kham.com.tw/application/UTK02/UTK0201_.aspx?PRODUCT_ID\u003dN0065HPX","comment":"","editModifyDate":"2018/02/27 17:14:48","sourceWebName":"寬宏藝術","startDate":"2018/05/04","endDate":"2018/05/19","status":"success","total":"9","hitRate":0},{"version":"1.4","UID":"5a95927dc6355e03c85650ac","title":"2018墾丁春浪音樂節","category":"17","showInfo":[{"time":"2018/05/26 13:30:00","location":"","locationName":"墾丁大街麥當勞旁","onSales":"Y","price":"1000,1100,1300,1500","latitude":null,"longitude":null,"endTime":""}],"showUnit":"","discountInfo":"","descriptionFilterHtml":"","imageUrl":"","masterUnit":["友善的狗文化活動(股)"],"subUnit":[],"supportUnit":[],"otherUnit":[],"webSales":"","sourceWebPromote":"","comment":"","editModifyDate":"2018/04/02 18:29:06","sourceWebName":"年代","startDate":"2018/05/26","endDate":"2018/05/26","status":"success","total":"9","hitRate":0},{"version":"1.4","UID":"5a9986f5c6355e03c8565210","title":"福原希己江_深夜食堂演唱會","category":"17","showInfo":[{"time":"2018/05/11 19:00:00","location":"台南市東區大學路1號","locationName":"國立成功大學醫學院成杏廳","onSales":"Y","price":"600,800,1000,1200","latitude":"22.9940267","longitude":"120.2192745","endTime":""},{"time":"2018/05/13 19:00:00","location":"","locationName":"中油國光廳","onSales":"Y","price":"600,800,1000,1200","latitude":null,"longitude":null,"endTime":""}],"showUnit":"","discountInfo":"","descriptionFilterHtml":"","imageUrl":"","masterUnit":["WelcomeMusic.洧誠"],"subUnit":[],"supportUnit":[],"otherUnit":[],"webSales":"","sourceWebPromote":"","comment":"","editModifyDate":"2018/03/20 11:00:02","sourceWebName":"年代","startDate":"2018/05/11","endDate":"2018/05/13","status":"success","total":"9","hitRate":0},{"version":"1.4","UID":"5a9cf3a3aaa39705fb5d1e88","title":"2018 全面升級版-姬情台三線 演唱會","category":"17","showInfo":[{"time":"2018/05/27 16:30:00","location":"台北市信義區信義路五段1號","locationName":"台北國際會議中心","onSales":"Y","price":"1000、1600、2200、2800、3400","latitude":"25.033505","longitude":"121.560778","endTime":"2018/05/27 18:00:00"}],"showUnit":"","discountInfo":"","descriptionFilterHtml":"","imageUrl":"","masterUnit":["寬宏藝術"],"subUnit":[],"supportUnit":[],"otherUnit":[],"webSales":"https://kham.com.tw/application/UTK02/UTK0201_.aspx?PRODUCT_ID\u003dN003PKJE","sourceWebPromote":"https://kham.com.tw/application/UTK02/UTK0201_.aspx?PRODUCT_ID\u003dN003PKJE","comment":"","editModifyDate":"2018/03/05 15:55:31","sourceWebName":"寬宏藝術","startDate":"2018/05/27","endDate":"2018/05/27","status":"success","total":"9","hitRate":0},{"version":"1.4","UID":"5a9cf89d6e5e58fed3d5293e","title":"只為鈺見你 2018徐懷鈺演唱會","category":"17","showInfo":[{"time":"2018/05/25 19:30:00","location":"台北市信義區信義路五段1號","locationName":"台北國際會議中心","onSales":"Y","price":"1200、1800、2400、3000、3600","latitude":"25.033505","longitude":"121.560778","endTime":"2018/05/25 21:00:00"},{"time":"2018/05/26 19:30:00","location":"台北市信義區信義路五段1號","locationName":"台北國際會議中心","onSales":"Y","price":"1200、1800、2400、3000、3600","latitude":"25.033505","longitude":"121.560778","endTime":"2018/05/26 21:00:00"}],"showUnit":"","discountInfo":"","descriptionFilterHtml":"","imageUrl":"","masterUnit":["經紀公司：天熹娛樂","製作單位：超級圓頂","寬宏藝術"],"subUnit":[],"supportUnit":[],"otherUnit":[],"webSales":"https://kham.com.tw/application/UTK02/UTK0201_.aspx?PRODUCT_ID\u003dN003PKJD","sourceWebPromote":"https://kham.com.tw/application/UTK02/UTK0201_.aspx?PRODUCT_ID\u003dN003PKJD","comment":"","editModifyDate":"2018/03/05 16:06:50","sourceWebName":"寬宏藝術","startDate":"2018/05/25","endDate":"2018/05/26","status":"success","total":"9","hitRate":0},{"version":"1.4","UID":"5aa80770c6355e63fc0cf658","title":"酒國英雄再現-謝雷演唱會","category":"17","showInfo":[{"time":"2018/06/30 19:00:00","location":"高雄市苓雅區五福一路67號","locationName":"高雄市文化中心至德堂","onSales":"Y","price":"500,650,800,900,1000,1300,1500,1600,1800,2250,3000,4500","latitude":"22.6257981","longitude":"120.31814","endTime":""}],"showUnit":"","discountInfo":"","descriptionFilterHtml":"","imageUrl":"","masterUnit":["南星唱片(南星影音)"],"subUnit":[],"supportUnit":[],"otherUnit":[],"webSales":"","sourceWebPromote":"","comment":"","editModifyDate":"2018/03/14 14:22:20","sourceWebName":"年代","startDate":"2018/06/30","endDate":"2018/06/30","status":"success","total":"9","hitRate":0},{"version":"1.4","UID":"5abdfac0aaa36011b2e93c45","title":"席琳‧狄翁2018台北演唱會Celine Dion Live 2018 in Taipei","category":"17","showInfo":[{"time":"2018/07/11 19:30:00","location":"台北市松山區南京東路四段2號","locationName":"臺北小巨蛋","onSales":"N","price":"800、2800、4800、6800、8800、10800、12800、13800\r\n","latitude":"25.050793","longitude":"121.549889","endTime":"2018/07/11 21:00:00"},{"time":"2018/07/13 19:30:00","location":"台北市松山區南京東路四段2號","locationName":"臺北小巨蛋","onSales":"Y","price":"800、2800、4800、6800、8800、10800、12800、13800","latitude":"25.050793","longitude":"121.549889","endTime":"2018/07/13 21:00:00"},{"time":"2018/07/14 19:30:00","location":"台北市松山區南京東路四段2號","locationName":"臺北小巨蛋","onSales":"Y","price":"800、2800、4800、6800、8800、10800、12800、13800","latitude":"25.050793","longitude":"121.549889","endTime":"2018/07/14 21:00:00"}],"showUnit":"","discountInfo":"","descriptionFilterHtml":"","imageUrl":"","masterUnit":["寬宏藝術經紀股份有限公司","AEG Presents","亞恩斯IMC Live Group"],"subUnit":[],"supportUnit":[],"otherUnit":[],"webSales":"https://kham.com.tw/application/UTK02/UTK0201_.aspx?PRODUCT_ID\u003dN0036MQ4","sourceWebPromote":"https://kham.com.tw/application/UTK02/UTK0201_.aspx?PRODUCT_ID\u003dN0036MQ4","comment":"","editModifyDate":"2018/03/30 17:05:55","sourceWebName":"寬宏藝術","startDate":"2018/07/11","endDate":"2018/07/14","status":"success","total":"9","hitRate":0},{"version":"1.4","UID":"5abdff29aaa36011b2e93c47","title":"Baek A Yeon 1st Live“Whispering”In Taipei","category":"17","showInfo":[{"time":"2018/04/22 18:00:00","location":"台北市八德路一段一號","locationName":"Taipei Legacy傳記-華山1914創意文化園區 中5A館","onSales":"Y","price":"3200\r\n","latitude":"25.044149","longitude":"121.529440","endTime":"2018/04/22 20:00:00"}],"showUnit":"","discountInfo":"","descriptionFilterHtml":"","imageUrl":"","masterUnit":["寬宏藝術經紀股份有限公司"],"subUnit":[""],"supportUnit":[""],"otherUnit":[""],"webSales":"https://kham.com.tw/application/UTK02/UTK0201_.aspx?PRODUCT_ID\u003dN00CNL98","sourceWebPromote":"https://kham.com.tw/application/UTK02/UTK0201_.aspx?PRODUCT_ID\u003dN00CNL98","comment":"","editModifyDate":"2018/03/30 17:12:18","sourceWebName":"寬宏藝術","startDate":"2018/04/22","endDate":"2018/04/22","status":"success","total":"9","hitRate":0}]