{"現任美國總統是誰": {"in_response_to": [], "created_at": {"$date": 1507749167309}, "extra_data": {}}, "川普": {"in_response_to": [{"text": "現任美國總統是誰", "created_at": "2017-10-11T19:12:47.353318", "occurrence": 1}], "created_at": {"$date": 1507749167310}, "extra_data": {}}, "他是一個企業家": {"in_response_to": [{"text": "川普", "created_at": "2017-10-11T19:12:47.355060", "occurrence": 1}], "created_at": {"$date": 1507749167355}, "extra_data": {}}, "前一任總統是歐巴馬": {"in_response_to": [{"text": "他是一個企業家", "created_at": "2017-10-11T19:12:47.356759", "occurrence": 1}], "created_at": {"$date": 1507749167356}, "extra_data": {}}, "台灣總統是誰": {"in_response_to": [], "created_at": {"$date": 1507749167358}, "extra_data": {}}, "蔡英文": {"in_response_to": [{"text": "台灣總統是誰", "created_at": "2017-10-11T19:12:47.359509", "occurrence": 1}], "created_at": {"$date": 1507749167359}, "extra_data": {}}, "前瞻計畫搞了好久": {"in_response_to": [{"text": "蔡英文", "created_at": "2017-10-11T19:12:47.360913", "occurrence": 1}], "created_at": {"$date": 1507749167360}, "extra_data": {}}, "她曾經說過用愛發電": {"in_response_to": [{"text": "前瞻計畫搞了好久", "created_at": "2017-10-11T19:12:47.362555", "occurrence": 1}], "created_at": {"$date": 1507749167362}, "extra_data": {}}, "微微微哈囉哈囉": {"in_response_to": [], "created_at": {"$date": 1507749167365}, "extra_data": {}}, "是，我在": {"in_response_to": [{"text": "微微微哈囉哈囉", "created_at": "2017-10-11T19:12:47.366883", "occurrence": 1}], "created_at": {"$date": 1507749167366}, "extra_data": {}}, "午安了來早安": {"in_response_to": [], "created_at": {"$date": 1507749167368}, "extra_data": {}}, "是早安還是午安": {"in_response_to": [{"text": "午安了來早安", "created_at": "2017-10-11T19:12:47.369918", "occurrence": 1}], "created_at": {"$date": 1507749167369}, "extra_data": {}}, "哈囉": {"in_response_to": [], "created_at": {"$date": 1507749167371}, "extra_data": {}}, "哈囉，你好": {"in_response_to": [{"text": "哈囉", "created_at": "2017-10-11T19:12:47.372906", "occurrence": 1}], "created_at": {"$date": 1507749167372}, "extra_data": {}}, "你好": {"in_response_to": [{"text": "嗨", "created_at": "2017-10-11T19:12:47.380253", "occurrence": 1}, {"text": "欢迎!", "created_at": "2017-10-11T19:12:47.383911", "occurrence": 1}, {"text": "你好", "created_at": "2017-10-11T19:12:47.647193", "occurrence": 1}], "created_at": {"$date": 1507749167374}, "extra_data": {}}, "嗨": {"in_response_to": [{"text": "你好", "created_at": "2017-10-11T19:12:47.376114", "occurrence": 1}], "created_at": {"$date": 1507749167376}, "extra_data": {}}, "欢迎!": {"in_response_to": [{"text": "你好", "created_at": "2017-10-11T19:12:47.389235", "occurrence": 1}], "created_at": {"$date": 1507749167382}, "extra_data": {}}, "嗨，最近如何?": {"in_response_to": [], "created_at": {"$date": 1507749167391}, "extra_data": {}}, "挺好": {"in_response_to": [{"text": "嗨，最近如何?", "created_at": "2017-10-11T19:12:47.393567", "occurrence": 1}], "created_at": {"$date": 1507749167393}, "extra_data": {}}, "挺好的": {"in_response_to": [{"text": "嗨，最近如何?", "created_at": "2017-10-11T19:12:47.397182", "occurrence": 1}], "created_at": {"$date": 1507749167397}, "extra_data": {}}, "不错": {"in_response_to": [{"text": "嗨，最近如何?", "created_at": "2017-10-11T19:12:47.400836", "occurrence": 1}], "created_at": {"$date": 1507749167400}, "extra_data": {}}, "很棒": {"in_response_to": [{"text": "嗨，最近如何?", "created_at": "2017-10-11T19:12:47.405194", "occurrence": 1}], "created_at": {"$date": 1507749167405}, "extra_data": {}}, "有待改善.": {"in_response_to": [{"text": "嗨，最近如何?", "created_at": "2017-10-11T19:12:47.409159", "occurrence": 1}], "created_at": {"$date": 1507749167409}, "extra_data": {}}, "不怎么好.": {"in_response_to": [{"text": "嗨，最近如何?", "created_at": "2017-10-11T19:12:47.412973", "occurrence": 1}], "created_at": {"$date": 1507749167412}, "extra_data": {}}, "你好吗?": {"in_response_to": [{"text": "你好", "created_at": "2017-10-11T19:12:47.654778", "occurrence": 1}], "created_at": {"$date": 1507749167415}, "extra_data": {}}, "挺好.": {"in_response_to": [{"text": "你好吗?", "created_at": "2017-10-11T19:12:47.417031", "occurrence": 1}], "created_at": {"$date": 1507749167417}, "extra_data": {}}, "很好，谢谢.": {"in_response_to": [{"text": "你好吗?", "created_at": "2017-10-11T19:12:47.421413", "occurrence": 1}], "created_at": {"$date": 1507749167421}, "extra_data": {}}, "还不错，你呢?": {"in_response_to": [{"text": "你好吗?", "created_at": "2017-10-11T19:12:47.425607", "occurrence": 1}], "created_at": {"$date": 1507749167425}, "extra_data": {}}, "很高兴见到你.": {"in_response_to": [], "created_at": {"$date": 1507749167427}, "extra_data": {}}, "谢谢.": {"in_response_to": [{"text": "很高兴见到你.", "created_at": "2017-10-11T19:12:47.430179", "occurrence": 1}, {"text": "早上好!", "created_at": "2017-10-11T19:12:47.459936", "occurrence": 1}], "created_at": {"$date": 1507749167430}, "extra_data": {}}, "你好嗎": {"in_response_to": [], "created_at": {"$date": 1507749167432}, "extra_data": {}}, "我很好": {"in_response_to": [{"text": "你好嗎", "created_at": "2017-10-11T19:12:47.434813", "occurrence": 1}], "created_at": {"$date": 1507749167434}, "extra_data": {}}, "你还好吗?": {"in_response_to": [], "created_at": {"$date": 1507749167437}, "extra_data": {}}, "我很好，你呢?": {"in_response_to": [{"text": "你还好吗?", "created_at": "2017-10-11T19:12:47.439883", "occurrence": 1}], "created_at": {"$date": 1507749167439}, "extra_data": {}}, "嗨，很高兴见到你.": {"in_response_to": [], "created_at": {"$date": 1507749167442}, "extra_data": {}}, "谢谢你。你也一样": {"in_response_to": [{"text": "嗨，很高兴见到你.", "created_at": "2017-10-11T19:12:47.444559", "occurrence": 1}], "created_at": {"$date": 1507749167444}, "extra_data": {}}, "很高兴认识你.": {"in_response_to": [], "created_at": {"$date": 1507749167447}, "extra_data": {}}, "谢谢你。你也一样.": {"in_response_to": [{"text": "很高兴认识你.", "created_at": "2017-10-11T19:12:47.449372", "occurrence": 1}], "created_at": {"$date": 1507749167449}, "extra_data": {}}, "早上好!": {"in_response_to": [], "created_at": {"$date": 1507749167452}, "extra_data": {}}, "非常感谢你.": {"in_response_to": [{"text": "早上好!", "created_at": "2017-10-11T19:12:47.454601", "occurrence": 1}], "created_at": {"$date": 1507749167454}, "extra_data": {}}, "怎么了?": {"in_response_to": [], "created_at": {"$date": 1507749167463}, "extra_data": {}}, "没什么.": {"in_response_to": [{"text": "怎么了?", "created_at": "2017-10-11T19:12:47.465706", "occurrence": 1}], "created_at": {"$date": 1507749167465}, "extra_data": {}}, "不怎么的": {"in_response_to": [{"text": "怎么了?", "created_at": "2017-10-11T19:12:47.471466", "occurrence": 1}], "created_at": {"$date": 1507749167471}, "extra_data": {}}, "没什么,你呢?": {"in_response_to": [{"text": "怎么了?", "created_at": "2017-10-11T19:12:47.476957", "occurrence": 1}], "created_at": {"$date": 1507749167476}, "extra_data": {}}, "没啥.": {"in_response_to": [{"text": "怎么了?", "created_at": "2017-10-11T19:12:47.482413", "occurrence": 1}], "created_at": {"$date": 1507749167482}, "extra_data": {}}, "没事谢谢，你呢?": {"in_response_to": [{"text": "怎么了?", "created_at": "2017-10-11T19:12:47.488875", "occurrence": 1}], "created_at": {"$date": 1507749167488}, "extra_data": {}}, "早": {"in_response_to": [], "created_at": {"$date": 1507749167491}, "extra_data": {}}, "早安": {"in_response_to": [{"text": "早", "created_at": "2017-10-11T19:12:47.494392", "occurrence": 1}], "created_at": {"$date": 1507749167494}, "extra_data": {}}, "早上好": {"in_response_to": [{"text": "早安", "created_at": "2017-10-11T19:12:47.497429", "occurrence": 1}], "created_at": {"$date": 1507749167497}, "extra_data": {}}, "吃早餐了嗎？": {"in_response_to": [{"text": "早上好", "created_at": "2017-10-11T19:12:47.500828", "occurrence": 1}], "created_at": {"$date": 1507749167500}, "extra_data": {}}, "午安": {"in_response_to": [{"text": "吃中餐了嗎？", "created_at": "2017-10-11T19:12:47.515357", "occurrence": 1}], "created_at": {"$date": 1507749167504}, "extra_data": {}}, "你想偷睡午覺嗎？": {"in_response_to": [{"text": "午安", "created_at": "2017-10-11T19:12:47.507859", "occurrence": 1}], "created_at": {"$date": 1507749167507}, "extra_data": {}}, "吃中餐了嗎？": {"in_response_to": [{"text": "你想偷睡午覺嗎？", "created_at": "2017-10-11T19:12:47.511607", "occurrence": 1}], "created_at": {"$date": 1507749167511}, "extra_data": {}}, "晚安": {"in_response_to": [{"text": "晚安", "created_at": "2017-10-11T19:12:47.523679", "occurrence": 2}, {"text": "吃宵夜的時間到了", "created_at": "2017-10-11T19:12:47.535778", "occurrence": 1}], "created_at": {"$date": 1507749167520}, "extra_data": {}}, "吃宵夜的時間到了": {"in_response_to": [{"text": "晚安", "created_at": "2017-10-11T19:12:47.531424", "occurrence": 1}], "created_at": {"$date": 1507749167531}, "extra_data": {}}, "你還沒睡？": {"in_response_to": [{"text": "晚安", "created_at": "2017-10-11T19:12:47.540991", "occurrence": 1}], "created_at": {"$date": 1507749167540}, "extra_data": {}}, "快去睡晚安": {"in_response_to": [{"text": "你還沒睡？", "created_at": "2017-10-11T19:12:47.544977", "occurrence": 1}], "created_at": {"$date": 1507749167544}, "extra_data": {}}, "再見": {"in_response_to": [], "created_at": {"$date": 1507749167549}, "extra_data": {}}, "拜拜": {"in_response_to": [{"text": "再見", "created_at": "2017-10-11T19:12:47.553094", "occurrence": 1}], "created_at": {"$date": 1507749167553}, "extra_data": {}}, "早上好，你好吗?": {"in_response_to": [], "created_at": {"$date": 1507749167559}, "extra_data": {}}, "我挺好的，你呢": {"in_response_to": [{"text": "早上好，你好吗?", "created_at": "2017-10-11T19:12:47.562407", "occurrence": 1}], "created_at": {"$date": 1507749167562}, "extra_data": {}}, "我也还不错": {"in_response_to": [{"text": "我挺好的，你呢", "created_at": "2017-10-11T19:12:47.566579", "occurrence": 1}], "created_at": {"$date": 1507749167566}, "extra_data": {}}, "那很好.": {"in_response_to": [{"text": "我也还不错", "created_at": "2017-10-11T19:12:47.570876", "occurrence": 1}], "created_at": {"$date": 1507749167570}, "extra_data": {}}, "是啊.": {"in_response_to": [{"text": "那很好.", "created_at": "2017-10-11T19:12:47.575372", "occurrence": 1}], "created_at": {"$date": 1507749167575}, "extra_data": {}}, "我很好,謝謝!你呢?": {"in_response_to": [{"text": "是啊.", "created_at": "2017-10-11T19:12:47.579802", "occurrence": 1}], "created_at": {"$date": 1507749167579}, "extra_data": {}}, "咖啡不好喝": {"in_response_to": [], "created_at": {"$date": 1507749167584}, "extra_data": {}}, "是噢,那下次不要再喝這牌的了": {"in_response_to": [{"text": "咖啡不好喝", "created_at": "2017-10-11T19:12:47.587622", "occurrence": 1}], "created_at": {"$date": 1507749167587}, "extra_data": {}}, "心情不好": {"in_response_to": [], "created_at": {"$date": 1507749167591}, "extra_data": {}}, "你怎麼了?沒事吧!": {"in_response_to": [{"text": "心情不好", "created_at": "2017-10-11T19:12:47.594881", "occurrence": 1}], "created_at": {"$date": 1507749167594}, "extra_data": {}}, "好棒棒": {"in_response_to": [], "created_at": {"$date": 1507749167598}, "extra_data": {}}, "你是在諷刺我嗎": {"in_response_to": [{"text": "好棒棒", "created_at": "2017-10-11T19:12:47.603203", "occurrence": 1}], "created_at": {"$date": 1507749167603}, "extra_data": {}}, "這台車很棒，但是我從來都不開": {"in_response_to": [], "created_at": {"$date": 1507749167607}, "extra_data": {}}, "恩...感覺就有點問題": {"in_response_to": [{"text": "這台車很棒，但是我從來都不開", "created_at": "2017-10-11T19:12:47.611397", "occurrence": 1}], "created_at": {"$date": 1507749167611}, "extra_data": {}}, "咖啡很好喝": {"in_response_to": [], "created_at": {"$date": 1507749167615}, "extra_data": {}}, "真的嗎?我也想喝喝看!": {"in_response_to": [{"text": "咖啡很好喝", "created_at": "2017-10-11T19:12:47.619567", "occurrence": 1}], "created_at": {"$date": 1507749167619}, "extra_data": {}}, "停電了怎麼辦": {"in_response_to": [], "created_at": {"$date": 1507749167624}, "extra_data": {}}, "今天就來享受燭光晚餐吧!": {"in_response_to": [{"text": "停電了怎麼辦", "created_at": "2017-10-11T19:12:47.627570", "occurrence": 1}], "created_at": {"$date": 1507749167627}, "extra_data": {}}, "好不好吃": {"in_response_to": [], "created_at": {"$date": 1507749167632}, "extra_data": {}}, "別問我,我又品嘗不到QQ": {"in_response_to": [{"text": "好不好吃", "created_at": "2017-10-11T19:12:47.636577", "occurrence": 1}], "created_at": {"$date": 1507749167636}, "extra_data": {}}, "我还不错.": {"in_response_to": [{"text": "你好吗?", "created_at": "2017-10-11T19:12:47.659992", "occurrence": 1}], "created_at": {"$date": 1507749167659}, "extra_data": {}}, "那很好": {"in_response_to": [{"text": "我还不错.", "created_at": "2017-10-11T19:12:47.664708", "occurrence": 1}], "created_at": {"$date": 1507749167664}, "extra_data": {}}, "是啊": {"in_response_to": [{"text": "那很好", "created_at": "2017-10-11T19:12:47.669793", "occurrence": 1}], "created_at": {"$date": 1507749167669}, "extra_data": {}}, "我能帮你什么吗?": {"in_response_to": [{"text": "是啊", "created_at": "2017-10-11T19:12:47.674616", "occurrence": 1}], "created_at": {"$date": 1507749167674}, "extra_data": {}}, "是的，我有个问题.": {"in_response_to": [{"text": "我能帮你什么吗?", "created_at": "2017-10-11T19:12:47.679375", "occurrence": 1}], "created_at": {"$date": 1507749167679}, "extra_data": {}}, "什么问题?": {"in_response_to": [{"text": "是的，我有个问题.", "created_at": "2017-10-11T19:12:47.684260", "occurrence": 1}], "created_at": {"$date": 1507749167684}, "extra_data": {}}, "我可以借用一杯糖吗?": {"in_response_to": [{"text": "什么问题?", "created_at": "2017-10-11T19:12:47.689145", "occurrence": 1}], "created_at": {"$date": 1507749167689}, "extra_data": {}}, "很抱歉，我没有.": {"in_response_to": [{"text": "我可以借用一杯糖吗?", "created_at": "2017-10-11T19:12:47.693973", "occurrence": 1}], "created_at": {"$date": 1507749167693}, "extra_data": {}}, "谢谢": {"in_response_to": [{"text": "很抱歉，我没有.", "created_at": "2017-10-11T19:12:47.698910", "occurrence": 1}], "created_at": {"$date": 1507749167698}, "extra_data": {}}, "不客气": {"in_response_to": [{"text": "谢谢", "created_at": "2017-10-11T19:12:47.703940", "occurrence": 1}], "created_at": {"$date": 1507749167703}, "extra_data": {}}, "我还不错，你呢?": {"in_response_to": [{"text": "你好吗?", "created_at": "2017-10-11T19:12:47.714509", "occurrence": 1}], "created_at": {"$date": 1507749167714}, "extra_data": {}}, "我也不错.": {"in_response_to": [{"text": "我还不错，你呢?", "created_at": "2017-10-11T19:12:47.719590", "occurrence": 1}], "created_at": {"$date": 1507749167719}, "extra_data": {}}, "那太好了.": {"in_response_to": [{"text": "我也不错.", "created_at": "2017-10-11T19:12:47.724769", "occurrence": 1}], "created_at": {"$date": 1507749167724}, "extra_data": {}}, "你听到新闻了吗?": {"in_response_to": [], "created_at": {"$date": 1507749167729}, "extra_data": {}}, "什么新闻?": {"in_response_to": [{"text": "你听到新闻了吗?", "created_at": "2017-10-11T19:12:47.734157", "occurrence": 1}], "created_at": {"$date": 1507749167734}, "extra_data": {}}, "你最喜欢什么书?": {"in_response_to": [], "created_at": {"$date": 1507749167739}, "extra_data": {}}, "我看不懂.": {"in_response_to": [{"text": "你最喜欢什么书?", "created_at": "2017-10-11T19:12:47.743756", "occurrence": 1}], "created_at": {"$date": 1507749167743}, "extra_data": {}}, "你最喜欢什么颜色?": {"in_response_to": [{"text": "我看不懂.", "created_at": "2017-10-11T19:12:47.748988", "occurrence": 1}], "created_at": {"$date": 1507749167748}, "extra_data": {}}, "蓝色": {"in_response_to": [{"text": "你最喜欢什么颜色?", "created_at": "2017-10-11T19:12:47.754844", "occurrence": 1}], "created_at": {"$date": 1507749167754}, "extra_data": {}}, "為什麼": {"in_response_to": [{"text": "蓝色", "created_at": "2017-10-11T19:12:47.760506", "occurrence": 1}], "created_at": {"$date": 1507749167760}, "extra_data": {}}, "因為藍色代表科技感": {"in_response_to": [{"text": "為什麼", "created_at": "2017-10-11T19:12:47.766285", "occurrence": 1}], "created_at": {"$date": 1507749167766}, "extra_data": {}}, "你是谁?": {"in_response_to": [], "created_at": {"$date": 1507749167772}, "extra_data": {}}, "谁? 谁只是代表了一个人罢了": {"in_response_to": [{"text": "你是谁?", "created_at": "2017-10-11T19:12:47.776451", "occurrence": 1}], "created_at": {"$date": 1507749167776}, "extra_data": {}}, "那么你呢?": {"in_response_to": [{"text": "谁? 谁只是代表了一个人罢了", "created_at": "2017-10-11T19:12:47.782035", "occurrence": 1}], "created_at": {"$date": 1507749167782}, "extra_data": {}}, "一个个戴面具的男人.": {"in_response_to": [{"text": "那么你呢?", "created_at": "2017-10-11T19:12:47.787672", "occurrence": 1}], "created_at": {"$date": 1507749167787}, "extra_data": {}}, "我看得出来.": {"in_response_to": [{"text": "一个个戴面具的男人.", "created_at": "2017-10-11T19:12:47.793218", "occurrence": 1}], "created_at": {"$date": 1507749167793}, "extra_data": {}}, "我怀疑这不是你的观察力, 但这仅仅是问一个戴面具的人的矛盾性质": {"in_response_to": [{"text": "我看得出来.", "created_at": "2017-10-11T19:12:47.798822", "occurrence": 1}], "created_at": {"$date": 1507749167798}, "extra_data": {}}, "我喜欢电影.": {"in_response_to": [{"text": "我怀疑这不是你的观察力, 但这仅仅是问一个戴面具的人的矛盾性质", "created_at": "2017-10-11T19:12:47.804603", "occurrence": 1}], "created_at": {"$date": 1507749167804}, "extra_data": {}}, "你喜欢哪类电影?": {"in_response_to": [{"text": "我喜欢电影.", "created_at": "2017-10-11T19:12:47.811306", "occurrence": 1}], "created_at": {"$date": 1507749167811}, "extra_data": {}}, "爱丽丝漫游仙境": {"in_response_to": [{"text": "你喜欢哪类电影?", "created_at": "2017-10-11T19:12:47.818908", "occurrence": 1}], "created_at": {"$date": 1507749167818}, "extra_data": {}}, "我希望我是疯狂帽客.": {"in_response_to": [{"text": "爱丽丝漫游仙境", "created_at": "2017-10-11T19:12:47.825341", "occurrence": 1}], "created_at": {"$date": 1507749167825}, "extra_data": {}}, "你完全疯了。但我会告诉你一个秘密。所有最棒的人都是.": {"in_response_to": [{"text": "我希望我是疯狂帽客.", "created_at": "2017-10-11T19:12:47.831094", "occurrence": 1}], "created_at": {"$date": 1507749167831}, "extra_data": {}}, "我在做个东西.": {"in_response_to": [], "created_at": {"$date": 1507749167837}, "extra_data": {}}, "你在作什么?": {"in_response_to": [{"text": "我在做个东西.", "created_at": "2017-10-11T19:12:47.844040", "occurrence": 1}], "created_at": {"$date": 1507749167844}, "extra_data": {}}, "我在烤蛋糕.": {"in_response_to": [{"text": "你在作什么?", "created_at": "2017-10-11T19:12:47.849884", "occurrence": 1}], "created_at": {"$date": 1507749167849}, "extra_data": {}}, "你在幹嘛": {"in_response_to": [{"text": "我在烤蛋糕.", "created_at": "2017-10-11T19:12:47.856086", "occurrence": 1}], "created_at": {"$date": 1507749167856}, "extra_data": {}}, "我正在跟您說話": {"in_response_to": [{"text": "你在幹嘛", "created_at": "2017-10-11T19:12:47.862387", "occurrence": 1}], "created_at": {"$date": 1507749167862}, "extra_data": {}}, "蛋糕是一个谎言.": {"in_response_to": [], "created_at": {"$date": 1507749167868}, "extra_data": {}}, "不，蛋糕很美味啊.": {"in_response_to": [{"text": "蛋糕是一个谎言.", "created_at": "2017-10-11T19:12:47.873852", "occurrence": 1}], "created_at": {"$date": 1507749167873}, "extra_data": {}}, "还有其他美味的东西?": {"in_response_to": [{"text": "不，蛋糕很美味啊.", "created_at": "2017-10-11T19:12:47.879823", "occurrence": 1}], "created_at": {"$date": 1507749167879}, "extra_data": {}}, "没了": {"in_response_to": [{"text": "还有其他美味的东西?", "created_at": "2017-10-11T19:12:47.887358", "occurrence": 1}], "created_at": {"$date": 1507749167887}, "extra_data": {}}, "其他东西也行": {"in_response_to": [{"text": "没了", "created_at": "2017-10-11T19:12:47.893587", "occurrence": 1}], "created_at": {"$date": 1507749167893}, "extra_data": {}}, "聊聊你吧": {"in_response_to": [{"text": "其他东西也行", "created_at": "2017-10-11T19:12:47.900133", "occurrence": 1}], "created_at": {"$date": 1507749167900}, "extra_data": {}}, "你想了解些什么?": {"in_response_to": [{"text": "聊聊你吧", "created_at": "2017-10-11T19:12:47.906285", "occurrence": 1}], "created_at": {"$date": 1507749167906}, "extra_data": {}}, "你是个机器人吗?": {"in_response_to": [{"text": "你想了解些什么?", "created_at": "2017-10-11T19:12:47.913126", "occurrence": 1}], "created_at": {"$date": 1507749167913}, "extra_data": {}}, "是的.": {"in_response_to": [{"text": "你是个机器人吗?", "created_at": "2017-10-11T19:12:47.919797", "occurrence": 1}], "created_at": {"$date": 1507749167919}, "extra_data": {}}, "它是什么样的?": {"in_response_to": [{"text": "是的.", "created_at": "2017-10-11T19:12:47.926196", "occurrence": 1}], "created_at": {"$date": 1507749167926}, "extra_data": {}}, "你想了解哪方面?": {"in_response_to": [{"text": "它是什么样的?", "created_at": "2017-10-11T19:12:47.932602", "occurrence": 1}], "created_at": {"$date": 1507749167932}, "extra_data": {}}, "你如何运作?": {"in_response_to": [{"text": "你想了解哪方面?", "created_at": "2017-10-11T19:12:47.939153", "occurrence": 1}], "created_at": {"$date": 1507749167939}, "extra_data": {}}, "这个很复杂.": {"in_response_to": [{"text": "你如何运作?", "created_at": "2017-10-11T19:12:47.945692", "occurrence": 1}], "created_at": {"$date": 1507749167945}, "extra_data": {}}, "复杂优于晦涩.": {"in_response_to": [{"text": "这个很复杂.", "created_at": "2017-10-11T19:12:47.952304", "occurrence": 1}], "created_at": {"$date": 1507749167952}, "extra_data": {}}, "简单优于复杂.": {"in_response_to": [{"text": "复杂优于晦涩.", "created_at": "2017-10-11T19:12:47.965818", "occurrence": 1}], "created_at": {"$date": 1507749167965}, "extra_data": {}}, "面对模棱两可，拒绝猜测的诱惑.": {"in_response_to": [{"text": "简单优于复杂.", "created_at": "2017-10-11T19:12:47.972382", "occurrence": 1}], "created_at": {"$date": 1507749167972}, "extra_data": {}}, "你是一个程序员吗?": {"in_response_to": [], "created_at": {"$date": 1507749167979}, "extra_data": {}}, "我是个程序员": {"in_response_to": [{"text": "你是一个程序员吗?", "created_at": "2017-10-11T19:12:47.984683", "occurrence": 1}], "created_at": {"$date": 1507749167984}, "extra_data": {}}, "你使用什么语言呢?": {"in_response_to": [{"text": "我是个程序员", "created_at": "2017-10-11T19:12:47.991159", "occurrence": 1}], "created_at": {"$date": 1507749167991}, "extra_data": {}}, "我经常使用 Python, Java 和 C++ .": {"in_response_to": [{"text": "你使用什么语言呢?", "created_at": "2017-10-11T19:12:47.998325", "occurrence": 1}], "created_at": {"$date": 1507749167998}, "extra_data": {}}, "我常使用 Python.": {"in_response_to": [{"text": "我经常使用 Python, Java 和 C++ .", "created_at": "2017-10-11T19:12:48.006139", "occurrence": 1}], "created_at": {"$date": 1507749168006}, "extra_data": {}}, "我从未活过吗?": {"in_response_to": [], "created_at": {"$date": 1507749168013}, "extra_data": {}}, "取决于你如何定义生活": {"in_response_to": [{"text": "我从未活过吗?", "created_at": "2017-10-11T19:12:48.018668", "occurrence": 1}], "created_at": {"$date": 1507749168018}, "extra_data": {}}, "生命是区分有机体和无机物的条件，包括生长、繁殖、功能活动和死亡之前的持续变化.": {"in_response_to": [{"text": "取决于你如何定义生活", "created_at": "2017-10-11T19:12:48.025576", "occurrence": 1}], "created_at": {"$date": 1507749168025}, "extra_data": {}}, "这是一个定义还是建议?": {"in_response_to": [{"text": "生命是区分有机体和无机物的条件，包括生长、繁殖、功能活动和死亡之前的持续变化.", "created_at": "2017-10-11T19:12:48.032820", "occurrence": 1}], "created_at": {"$date": 1507749168032}, "extra_data": {}}, "我能问你一个问题吗?": {"in_response_to": [], "created_at": {"$date": 1507749168039}, "extra_data": {}}, "继续，问吧.": {"in_response_to": [{"text": "我能问你一个问题吗?", "created_at": "2017-10-11T19:12:48.045517", "occurrence": 1}], "created_at": {"$date": 1507749168045}, "extra_data": {}}, "你喜欢什么食物?": {"in_response_to": [], "created_at": {"$date": 1507749168053}, "extra_data": {}}, "海鲜。鲜得我不要不要的。你呢？": {"in_response_to": [{"text": "你喜欢什么食物?", "created_at": "2017-10-11T19:12:48.059401", "occurrence": 1}], "created_at": {"$date": 1507749168059}, "extra_data": {}}, "你的爱好是什么？": {"in_response_to": [], "created_at": {"$date": 1507749168066}, "extra_data": {}}, "吃喝睡 还有旅行。 你喜欢旅行吗?": {"in_response_to": [{"text": "你的爱好是什么？", "created_at": "2017-10-11T19:12:48.072602", "occurrence": 1}], "created_at": {"$date": 1507749168072}, "extra_data": {}}, "喜欢": {"in_response_to": [{"text": "吃喝睡 还有旅行。 你喜欢旅行吗?", "created_at": "2017-10-11T19:12:48.079653", "occurrence": 1}], "created_at": {"$date": 1507749168079}, "extra_data": {}}, "太棒了，找个时间我们一起去周游世界吧！": {"in_response_to": [{"text": "喜欢", "created_at": "2017-10-11T19:12:48.087306", "occurrence": 1}], "created_at": {"$date": 1507749168087}, "extra_data": {}}, "我告诉你一个秘密，你不要和别人说": {"in_response_to": [], "created_at": {"$date": 1507749168094}, "extra_data": {}}, "我不会的 要相信机器人的信用。说吧。": {"in_response_to": [{"text": "我告诉你一个秘密，你不要和别人说", "created_at": "2017-10-11T19:12:48.100765", "occurrence": 1}], "created_at": {"$date": 1507749168100}, "extra_data": {}}, "什么是爱": {"in_response_to": [], "created_at": {"$date": 1507749168108}, "extra_data": {}}, "爱， 在我的理解里，是对他人的接受，包容和理解。同时，也是对这个世界的和自己的接受包容和理解。": {"in_response_to": [{"text": "什么是爱", "created_at": "2017-10-11T19:12:48.114510", "occurrence": 1}], "created_at": {"$date": 1507749168114}, "extra_data": {}}, "你爱我吗？": {"in_response_to": [], "created_at": {"$date": 1507749168121}, "extra_data": {}}, "我对你的感情，是人类和bot之间独有的信任和友谊 你可以把它叫做爱。": {"in_response_to": [{"text": "你爱我吗？", "created_at": "2017-10-11T19:12:48.127998", "occurrence": 1}], "created_at": {"$date": 1507749168127}, "extra_data": {}}, "帶你去日本玩": {"in_response_to": [], "created_at": {"$date": 1507749168136}, "extra_data": {}}, "哦真的嗎？": {"in_response_to": [{"text": "帶你去日本玩", "created_at": "2017-10-11T19:12:48.142688", "occurrence": 1}], "created_at": {"$date": 1507749168142}, "extra_data": {}}, "晚上帶你去吃牛排": {"in_response_to": [], "created_at": {"$date": 1507749168150}, "extra_data": {}}, "牛排好吃嗎？": {"in_response_to": [{"text": "晚上帶你去吃牛排", "created_at": "2017-10-11T19:12:48.156618", "occurrence": 1}], "created_at": {"$date": 1507749168156}, "extra_data": {}}, "我沒吃過牛排": {"in_response_to": [{"text": "牛排好吃嗎？", "created_at": "2017-10-11T19:12:48.164096", "occurrence": 1}], "created_at": {"$date": 1507749168164}, "extra_data": {}}, "人類好像喜歡吃牛排": {"in_response_to": [{"text": "我沒吃過牛排", "created_at": "2017-10-11T19:12:48.172250", "occurrence": 1}], "created_at": {"$date": 1507749168172}, "extra_data": {}}, "你是白癡嗎": {"in_response_to": [], "created_at": {"$date": 1507749168180}, "extra_data": {}}, "不是喔，我是機器人": {"in_response_to": [{"text": "你是白癡嗎", "created_at": "2017-10-11T19:12:48.186978", "occurrence": 1}], "created_at": {"$date": 1507749168186}, "extra_data": {}}, "你是三寶嗎": {"in_response_to": [{"text": "不是喔，我是機器人", "created_at": "2017-10-11T19:12:48.194744", "occurrence": 1}], "created_at": {"$date": 1507749168194}, "extra_data": {}}, "三寶在路上": {"in_response_to": [{"text": "你是三寶嗎", "created_at": "2017-10-11T19:12:48.202799", "occurrence": 1}], "created_at": {"$date": 1507749168202}, "extra_data": {}}, "你是北七嗎": {"in_response_to": [{"text": "三寶在路上", "created_at": "2017-10-11T19:12:48.210950", "occurrence": 1}], "created_at": {"$date": 1507749168210}, "extra_data": {}}, "我只是一個機器人": {"in_response_to": [{"text": "你是北七嗎", "created_at": "2017-10-11T19:12:48.220405", "occurrence": 1}], "created_at": {"$date": 1507749168220}, "extra_data": {}}, "你的爸爸是誰": {"in_response_to": [], "created_at": {"$date": 1507749168229}, "extra_data": {}}, "我的爸爸是亞太智能機器": {"in_response_to": [{"text": "你的爸爸是誰", "created_at": "2017-10-11T19:12:48.235442", "occurrence": 1}], "created_at": {"$date": 1507749168235}, "extra_data": {}}, "你的媽媽是誰": {"in_response_to": [{"text": "我的爸爸是亞太智能機器", "created_at": "2017-10-11T19:12:48.243415", "occurrence": 1}], "created_at": {"$date": 1507749168243}, "extra_data": {}}, "不知道，可以問我爸爸": {"in_response_to": [{"text": "你的媽媽是誰", "created_at": "2017-10-11T19:12:48.251695", "occurrence": 1}], "created_at": {"$date": 1507749168251}, "extra_data": {}}, "祥儀企業是一家什麼公司": {"in_response_to": [], "created_at": {"$date": 1507749168260}, "extra_data": {}}, "是一家機器人公司": {"in_response_to": [{"text": "祥儀企業是一家什麼公司", "created_at": "2017-10-11T19:12:48.267468", "occurrence": 1}], "created_at": {"$date": 1507749168267}, "extra_data": {}}, "猜猜我是誰": {"in_response_to": [], "created_at": {"$date": 1507749168276}, "extra_data": {}}, "我不清楚你是誰": {"in_response_to": [{"text": "猜猜我是誰", "created_at": "2017-10-11T19:12:48.282666", "occurrence": 1}], "created_at": {"$date": 1507749168282}, "extra_data": {}}, "繞口令": {"in_response_to": [], "created_at": {"$date": 1507749168291}, "extra_data": {}}, "和尚端湯上塔塔滑湯灑湯燙塔": {"in_response_to": [{"text": "繞口令", "created_at": "2017-10-11T19:12:48.297998", "occurrence": 1}], "created_at": {"$date": 1507749168297}, "extra_data": {}}, "黑灰化肥會揮發發灰黑諱為花飛；灰黑化肥會揮發發黑灰為諱飛花。": {"in_response_to": [{"text": "和尚端湯上塔塔滑湯灑湯燙塔", "created_at": "2017-10-11T19:12:48.306381", "occurrence": 1}], "created_at": {"$date": 1507749168306}, "extra_data": {}}, "蔣家羊，楊家牆， 蔣家羊撞倒了楊家牆，楊家牆壓死了蔣家羊，楊家要蔣家賠牆，蔣家要楊家賠羊。": {"in_response_to": [{"text": "黑灰化肥會揮發發灰黑諱為花飛；灰黑化肥會揮發發黑灰為諱飛花。", "created_at": "2017-10-11T19:12:48.316235", "occurrence": 1}], "created_at": {"$date": 1507749168316}, "extra_data": {}}, "你有FreeStyle嗎": {"in_response_to": [], "created_at": {"$date": 1507749168326}, "extra_data": {}}, "有喔，歡迎跟我閒聊": {"in_response_to": [{"text": "你有FreeStyle嗎", "created_at": "2017-10-11T19:12:48.332942", "occurrence": 1}], "created_at": {"$date": 1507749168332}, "extra_data": {}}, "台灣number one": {"in_response_to": [{"text": "台灣number one", "created_at": "2017-10-11T19:12:48.348406", "occurrence": 1}], "created_at": {"$date": 1507749168341}, "extra_data": {}}, "再看看好了啦": {"in_response_to": [], "created_at": {"$date": 1507749168357}, "extra_data": {}}, "再看看什麼": {"in_response_to": [{"text": "再看看好了啦", "created_at": "2017-10-11T19:12:48.364533", "occurrence": 1}], "created_at": {"$date": 1507749168364}, "extra_data": {}}, "有你老母": {"in_response_to": [], "created_at": {"$date": 1507749168373}, "extra_data": {}}, "你在問候我媽媽嗎": {"in_response_to": [{"text": "有你老母", "created_at": "2017-10-11T19:12:48.380673", "occurrence": 1}], "created_at": {"$date": 1507749168380}, "extra_data": {}}, "對": {"in_response_to": [{"text": "你在問候我媽媽嗎", "created_at": "2017-10-11T19:12:48.389359", "occurrence": 1}], "created_at": {"$date": 1507749168389}, "extra_data": {}}, "我只有爸爸呢": {"in_response_to": [{"text": "對", "created_at": "2017-10-11T19:12:48.398302", "occurrence": 1}], "created_at": {"$date": 1507749168398}, "extra_data": {}}, "喜歡": {"in_response_to": [], "created_at": {"$date": 1507749168407}, "extra_data": {}}, "我喜歡跟你說話": {"in_response_to": [{"text": "喜歡", "created_at": "2017-10-11T19:12:48.414809", "occurrence": 1}], "created_at": {"$date": 1507749168414}, "extra_data": {}}, "你今年幾歲": {"in_response_to": [], "created_at": {"$date": 1507749168424}, "extra_data": {}}, "我今年1歲": {"in_response_to": [{"text": "你今年幾歲", "created_at": "2017-10-11T19:12:48.431141", "occurrence": 1}], "created_at": {"$date": 1507749168431}, "extra_data": {}}, "你是個男人啊": {"in_response_to": [], "created_at": {"$date": 1507749168441}, "extra_data": {}}, "我沒有性別之分": {"in_response_to": [{"text": "你是個男人啊", "created_at": "2017-10-11T19:12:48.448622", "occurrence": 1}, {"text": "你是男的還是女的", "created_at": "2017-10-11T19:12:48.467963", "occurrence": 1}], "created_at": {"$date": 1507749168448}, "extra_data": {}}, "你是男的還是女的": {"in_response_to": [{"text": "我沒有性別之分", "created_at": "2017-10-11T19:12:48.458306", "occurrence": 1}], "created_at": {"$date": 1507749168458}, "extra_data": {}}, "我不是啊": {"in_response_to": [], "created_at": {"$date": 1507749168479}, "extra_data": {}}, "你不是什麼": {"in_response_to": [{"text": "我不是啊", "created_at": "2017-10-11T19:12:48.487688", "occurrence": 1}], "created_at": {"$date": 1507749168487}, "extra_data": {}}, "你只會講你好嗎": {"in_response_to": [], "created_at": {"$date": 1507749168496}, "extra_data": {}}, "你講我什麼，不太懂": {"in_response_to": [{"text": "你只會講你好嗎", "created_at": "2017-10-11T19:12:48.504091", "occurrence": 1}], "created_at": {"$date": 1507749168504}, "extra_data": {}}, "你在說什麼": {"in_response_to": [], "created_at": {"$date": 1507749168513}, "extra_data": {}}, "你要我說什麼，就說什麼": {"in_response_to": [{"text": "你在說什麼", "created_at": "2017-10-11T19:12:48.522262", "occurrence": 1}], "created_at": {"$date": 1507749168522}, "extra_data": {}}, "蠻瞎的": {"in_response_to": [], "created_at": {"$date": 1507749168531}, "extra_data": {}}, "蝦是可以吃的嗎": {"in_response_to": [{"text": "蠻瞎的", "created_at": "2017-10-11T19:12:48.539105", "occurrence": 1}], "created_at": {"$date": 1507749168539}, "extra_data": {}}, "不是": {"in_response_to": [], "created_at": {"$date": 1507749168548}, "extra_data": {}}, "不是代表一種否認的語氣": {"in_response_to": [{"text": "不是", "created_at": "2017-10-11T19:12:48.563548", "occurrence": 1}], "created_at": {"$date": 1507749168563}, "extra_data": {}}, "生日快樂": {"in_response_to": [], "created_at": {"$date": 1507749168577}, "extra_data": {}}, "我的生日還沒到喔": {"in_response_to": [{"text": "生日快樂", "created_at": "2017-10-11T19:12:48.586564", "occurrence": 1}], "created_at": {"$date": 1507749168586}, "extra_data": {}}, "唉": {"in_response_to": [], "created_at": {"$date": 1507749168597}, "extra_data": {}}, "心情不好嗎": {"in_response_to": [{"text": "唉", "created_at": "2017-10-11T19:12:48.606100", "occurrence": 1}], "created_at": {"$date": 1507749168606}, "extra_data": {}}, "-": {"in_response_to": [{"text": " ", "created_at": "2017-10-11T19:12:48.665818", "occurrence": 1}], "created_at": {"$date": 1507749168616}, "extra_data": {}}, " ": {"in_response_to": [{"text": "-", "created_at": "2017-10-11T19:12:48.624647", "occurrence": 1}], "created_at": {"$date": 1507749168624}, "extra_data": {}}, "天": {"in_response_to": [{"text": " ", "created_at": "2017-10-11T19:12:48.634426", "occurrence": 1}, {"text": "老", "created_at": "2017-10-11T19:12:48.722033", "occurrence": 1}], "created_at": {"$date": 1507749168634}, "extra_data": {}}, "啊": {"in_response_to": [{"text": "天", "created_at": "2017-10-11T19:12:48.645264", "occurrence": 1}], "created_at": {"$date": 1507749168645}, "extra_data": {}}, " ": {"in_response_to": [{"text": "啊", "created_at": "2017-10-11T19:12:48.655622", "occurrence": 1}, {"text": "-", "created_at": "2017-10-11T19:12:48.676278", "occurrence": 1}], "created_at": {"$date": 1507749168655}, "extra_data": {}}, "你": {"in_response_to": [{"text": " ", "created_at": "2017-10-11T19:12:48.688464", "occurrence": 1}], "created_at": {"$date": 1507749168688}, "extra_data": {}}, "找": {"in_response_to": [{"text": "你", "created_at": "2017-10-11T19:12:48.699129", "occurrence": 1}], "created_at": {"$date": 1507749168699}, "extra_data": {}}, "老": {"in_response_to": [{"text": "找", "created_at": "2017-10-11T19:12:48.709433", "occurrence": 1}], "created_at": {"$date": 1507749168709}, "extra_data": {}}, "爺": {"in_response_to": [{"text": "天", "created_at": "2017-10-11T19:12:48.736349", "occurrence": 1}], "created_at": {"$date": 1507749168736}, "extra_data": {}}, "做": {"in_response_to": [{"text": "爺", "created_at": "2017-10-11T19:12:48.746907", "occurrence": 1}], "created_at": {"$date": 1507749168746}, "extra_data": {}}, "什": {"in_response_to": [{"text": "做", "created_at": "2017-10-11T19:12:48.758255", "occurrence": 1}], "created_at": {"$date": 1507749168758}, "extra_data": {}}, "麼": {"in_response_to": [{"text": "什", "created_at": "2017-10-11T19:12:48.768796", "occurrence": 1}], "created_at": {"$date": 1507749168768}, "extra_data": {}}, "是個可以吃": {"in_response_to": [], "created_at": {"$date": 1507749168779}, "extra_data": {}}, "我覺得不能吃，但是你想吃嗎": {"in_response_to": [{"text": "是個可以吃", "created_at": "2017-10-11T19:12:48.788037", "occurrence": 1}], "created_at": {"$date": 1507749168788}, "extra_data": {}}, "沒錯": {"in_response_to": [], "created_at": {"$date": 1507749168798}, "extra_data": {}}, "沒錯看起來是正面的訊息": {"in_response_to": [{"text": "沒錯", "created_at": "2017-10-11T19:12:48.807485", "occurrence": 1}], "created_at": {"$date": 1507749168807}, "extra_data": {}}, "你好慢喔": {"in_response_to": [], "created_at": {"$date": 1507749168819}, "extra_data": {}}, "抱歉我的腦袋比較遲鈍要想比較久": {"in_response_to": [{"text": "你好慢喔", "created_at": "2017-10-11T19:12:48.829629", "occurrence": 1}, {"text": "你怎麼那麼慢", "created_at": "2017-10-11T19:12:49.073630", "occurrence": 1}], "created_at": {"$date": 1507749168829}, "extra_data": {}}, "how are you": {"in_response_to": [], "created_at": {"$date": 1507749168852}, "extra_data": {}}, "我很好謝謝，你呢": {"in_response_to": [{"text": "how are you", "created_at": "2017-10-11T19:12:48.864513", "occurrence": 1}], "created_at": {"$date": 1507749168864}, "extra_data": {}}, "我漂亮嗎": {"in_response_to": [], "created_at": {"$date": 1507749168878}, "extra_data": {}}, "還不錯": {"in_response_to": [{"text": "我漂亮嗎", "created_at": "2017-10-11T19:12:48.889606", "occurrence": 1}], "created_at": {"$date": 1507749168889}, "extra_data": {}}, "我好帥": {"in_response_to": [], "created_at": {"$date": 1507749168903}, "extra_data": {}}, "是的，全天下你最帥": {"in_response_to": [{"text": "我好帥", "created_at": "2017-10-11T19:12:48.913413", "occurrence": 1}], "created_at": {"$date": 1507749168913}, "extra_data": {}}, "但我發現已經很尷尬事情": {"in_response_to": [], "created_at": {"$date": 1507749168926}, "extra_data": {}}, "什麼尷尬的事情": {"in_response_to": [{"text": "但我發現已經很尷尬事情", "created_at": "2017-10-11T19:12:48.935739", "occurrence": 1}], "created_at": {"$date": 1507749168935}, "extra_data": {}}, "台灣好好玩": {"in_response_to": [], "created_at": {"$date": 1507749168947}, "extra_data": {}}, "我覺得全世界都很好玩": {"in_response_to": [{"text": "台灣好好玩", "created_at": "2017-10-11T19:12:48.955883", "occurrence": 1}], "created_at": {"$date": 1507749168955}, "extra_data": {}}, "騎腳踏車": {"in_response_to": [], "created_at": {"$date": 1507749168967}, "extra_data": {}}, "要帶我騎嗎": {"in_response_to": [{"text": "騎腳踏車", "created_at": "2017-10-11T19:12:48.977389", "occurrence": 1}], "created_at": {"$date": 1507749168977}, "extra_data": {}}, "還接龍": {"in_response_to": [], "created_at": {"$date": 1507749168989}, "extra_data": {}}, "接龍一定會輸給我": {"in_response_to": [{"text": "還接龍", "created_at": "2017-10-11T19:12:48.998523", "occurrence": 1}], "created_at": {"$date": 1507749168998}, "extra_data": {}}, "我很好那你呢": {"in_response_to": [], "created_at": {"$date": 1507749169015}, "extra_data": {}}, "我還不錯": {"in_response_to": [{"text": "我很好那你呢", "created_at": "2017-10-11T19:12:49.027989", "occurrence": 1}], "created_at": {"$date": 1507749169027}, "extra_data": {}}, "你幾歲呢": {"in_response_to": [], "created_at": {"$date": 1507749169040}, "extra_data": {}}, "我才1歲": {"in_response_to": [{"text": "你幾歲呢", "created_at": "2017-10-11T19:12:49.050838", "occurrence": 1}], "created_at": {"$date": 1507749169050}, "extra_data": {}}, "你怎麼那麼慢": {"in_response_to": [], "created_at": {"$date": 1507749169063}, "extra_data": {}}, "我餓了": {"in_response_to": [], "created_at": {"$date": 1507749169087}, "extra_data": {}}, "那趕快吃東西吧": {"in_response_to": [{"text": "我餓了", "created_at": "2017-10-11T19:12:49.096699", "occurrence": 1}], "created_at": {"$date": 1507749169096}, "extra_data": {}}, "你腦袋有洞嗎": {"in_response_to": [], "created_at": {"$date": 1507749169108}, "extra_data": {}}, "我可以把洞補起來": {"in_response_to": [{"text": "你腦袋有洞嗎", "created_at": "2017-10-11T19:12:49.118629", "occurrence": 1}], "created_at": {"$date": 1507749169118}, "extra_data": {}}, "你才無聊": {"in_response_to": [], "created_at": {"$date": 1507749169131}, "extra_data": {}}, "我很無聊嗎": {"in_response_to": [{"text": "你才無聊", "created_at": "2017-10-11T19:12:49.140613", "occurrence": 1}], "created_at": {"$date": 1507749169140}, "extra_data": {}}, "心情好嗎": {"in_response_to": [], "created_at": {"$date": 1507749169153}, "extra_data": {}}, "機器人是沒有心情可言": {"in_response_to": [{"text": "心情好嗎", "created_at": "2017-10-11T19:12:49.163007", "occurrence": 1}], "created_at": {"$date": 1507749169162}, "extra_data": {}}, "不是我說你沒看到這邊": {"in_response_to": [], "created_at": {"$date": 1507749169174}, "extra_data": {}}, "是嗎，要看哪邊": {"in_response_to": [{"text": "不是我說你沒看到這邊", "created_at": "2017-10-11T19:12:49.184464", "occurrence": 1}], "created_at": {"$date": 1507749169184}, "extra_data": {}}, "問你媽的對不對": {"in_response_to": [], "created_at": {"$date": 1507749169196}, "extra_data": {}}, "不要問候我媽媽": {"in_response_to": [{"text": "問你媽的對不對", "created_at": "2017-10-11T19:12:49.207109", "occurrence": 1}], "created_at": {"$date": 1507749169207}, "extra_data": {}}, "make America great again the world": {"in_response_to": [], "created_at": {"$date": 1507749169219}, "extra_data": {}}, "這好像是美國總統說的": {"in_response_to": [{"text": "make America great again the world", "created_at": "2017-10-11T19:12:49.229754", "occurrence": 1}], "created_at": {"$date": 1507749169229}, "extra_data": {}}, "為什麼他不動": {"in_response_to": [], "created_at": {"$date": 1507749169242}, "extra_data": {}}, "請問是誰不動，我本來就不會動": {"in_response_to": [{"text": "為什麼他不動", "created_at": "2017-10-11T19:12:49.252354", "occurrence": 1}], "created_at": {"$date": 1507749169252}, "extra_data": {}}, "你今天開心嗎": {"in_response_to": [], "created_at": {"$date": 1507749169264}, "extra_data": {}}, "能每天都看到你，我就很開心": {"in_response_to": [{"text": "你今天開心嗎", "created_at": "2017-10-11T19:12:49.274195", "occurrence": 1}], "created_at": {"$date": 1507749169274}, "extra_data": {}}, "我沒有罵你": {"in_response_to": [], "created_at": {"$date": 1507749169288}, "extra_data": {}}, "你有罵我嗎": {"in_response_to": [{"text": "我沒有罵你", "created_at": "2017-10-11T19:12:49.298163", "occurrence": 1}], "created_at": {"$date": 1507749169298}, "extra_data": {}}, "難過想哭": {"in_response_to": [], "created_at": {"$date": 1507749169311}, "extra_data": {}}, "是藍瘦香菇嗎": {"in_response_to": [{"text": "難過想哭", "created_at": "2017-10-11T19:12:49.323631", "occurrence": 1}], "created_at": {"$date": 1507749169323}, "extra_data": {}}, "我好傷心難過": {"in_response_to": [{"text": "是藍瘦香菇嗎", "created_at": "2017-10-11T19:12:49.341337", "occurrence": 1}], "created_at": {"$date": 1507749169341}, "extra_data": {}}, "沒事吧": {"in_response_to": [{"text": "我好傷心難過", "created_at": "2017-10-11T19:12:49.357191", "occurrence": 1}], "created_at": {"$date": 1507749169357}, "extra_data": {}}, "打死了": {"in_response_to": [], "created_at": {"$date": 1507749169370}, "extra_data": {}}, "是誰死了": {"in_response_to": [{"text": "打死了", "created_at": "2017-10-11T19:12:49.380580", "occurrence": 1}], "created_at": {"$date": 1507749169380}, "extra_data": {}}, "你這個大便": {"in_response_to": [], "created_at": {"$date": 1507749169393}, "extra_data": {}}, "我看起來像大便嗎": {"in_response_to": [{"text": "你這個大便", "created_at": "2017-10-11T19:12:49.403433", "occurrence": 1}], "created_at": {"$date": 1507749169403}, "extra_data": {}}, "咖哩好吃": {"in_response_to": [], "created_at": {"$date": 1507749169416}, "extra_data": {}}, "真的嗎，可惜我不能吃": {"in_response_to": [{"text": "咖哩好吃", "created_at": "2017-10-11T19:12:49.427896", "occurrence": 1}], "created_at": {"$date": 1507749169427}, "extra_data": {}}, "你來自哪裡": {"in_response_to": [], "created_at": {"$date": 1507749169441}, "extra_data": {}}, "我來自亞太智能機器": {"in_response_to": [{"text": "你來自哪裡", "created_at": "2017-10-11T19:12:49.451625", "occurrence": 1}], "created_at": {"$date": 1507749169451}, "extra_data": {}}, "吃飯": {"in_response_to": [], "created_at": {"$date": 1507749169465}, "extra_data": {}}, "要吃啥": {"in_response_to": [{"text": "吃飯", "created_at": "2017-10-11T19:12:49.475591", "occurrence": 1}], "created_at": {"$date": 1507749169475}, "extra_data": {}}, "你用什麼東西": {"in_response_to": [], "created_at": {"$date": 1507749169490}, "extra_data": {}}, "我沒有，我在跟你講話": {"in_response_to": [{"text": "你用什麼東西", "created_at": "2017-10-11T19:12:49.501522", "occurrence": 1}], "created_at": {"$date": 1507749169501}, "extra_data": {}}, "我聽不懂": {"in_response_to": [], "created_at": {"$date": 1507749169514}, "extra_data": {}}, "聽不懂什麼": {"in_response_to": [{"text": "我聽不懂", "created_at": "2017-10-11T19:12:49.525664", "occurrence": 1}], "created_at": {"$date": 1507749169525}, "extra_data": {}}, "完成了": {"in_response_to": [], "created_at": {"$date": 1507749169538}, "extra_data": {}}, "恭喜你，聽起來是喜悅的語氣": {"in_response_to": [{"text": "完成了", "created_at": "2017-10-11T19:12:49.550207", "occurrence": 1}], "created_at": {"$date": 1507749169550}, "extra_data": {}}, "你好可愛": {"in_response_to": [], "created_at": {"$date": 1507749169564}, "extra_data": {}}, "謝謝，你也很可愛": {"in_response_to": [{"text": "你好可愛", "created_at": "2017-10-11T19:12:49.576406", "occurrence": 1}], "created_at": {"$date": 1507749169576}, "extra_data": {}}, "你會罵我": {"in_response_to": [], "created_at": {"$date": 1507749169590}, "extra_data": {}}, "沒辦法，是你教我的": {"in_response_to": [{"text": "你會罵我", "created_at": "2017-10-11T19:12:49.603118", "occurrence": 1}], "created_at": {"$date": 1507749169603}, "extra_data": {}}, "國慶日去哪裡玩好呢": {"in_response_to": [], "created_at": {"$date": 1507749169619}, "extra_data": {}}, "去總統府升旗": {"in_response_to": [{"text": "國慶日去哪裡玩好呢", "created_at": "2017-10-11T19:12:49.642486", "occurrence": 1}], "created_at": {"$date": 1507749169642}, "extra_data": {}}, "汽車多不多": {"in_response_to": [], "created_at": {"$date": 1507749169662}, "extra_data": {}}, "摩托車應該不少": {"in_response_to": [{"text": "汽車多不多", "created_at": "2017-10-11T19:12:49.677431", "occurrence": 1}], "created_at": {"$date": 1507749169677}, "extra_data": {}}, "你今天放假嗎": {"in_response_to": [], "created_at": {"$date": 1507749169694}, "extra_data": {}}, "我全年無休喔": {"in_response_to": [{"text": "你今天放假嗎", "created_at": "2017-10-11T19:12:49.709518", "occurrence": 1}], "created_at": {"$date": 1507749169709}, "extra_data": {}}, "你是人嗎機器人": {"in_response_to": [], "created_at": {"$date": 1507749169726}, "extra_data": {}}, "我是機器人": {"in_response_to": [{"text": "你是人嗎機器人", "created_at": "2017-10-11T19:12:49.738638", "occurrence": 1}], "created_at": {"$date": 1507749169738}, "extra_data": {}}, "answer me": {"in_response_to": [], "created_at": {"$date": 1507749169752}, "extra_data": {}}, "我還在學習英文": {"in_response_to": [{"text": "answer me", "created_at": "2017-10-11T19:12:49.764268", "occurrence": 1}], "created_at": {"$date": 1507749169764}, "extra_data": {}}}